21 found,,,,,,24 found,,,,,,24 found,,,,,,24 found
"                  LWPOLYLINE  Layer: ""A_Table&Chair""",,,,,,"                  LWPOLYLINE  Layer: ""A_Table&Chair""",,,,,,"                  LWPOLYLINE  Layer: ""A_Table&Chair""",,,,,,"                  LWPOLYLINE  Layer: ""A_Table&Chair"""
                            Space: Model space,,,,,,                            Space: Model space,,,,,,                            Space: Model space,,,,,,                            Space: Model space
                   Handle = 5ba5,,,,,,                   Handle = 5bbd,,,,,,                   Handle = 5bd5,,,,,,                   Handle = 5bed
            Closed,,,,,,            Closed,,,,,,            Closed,,,,,,            Closed
    Constant width    0.0000,,,,,,    Constant width    0.0000,,,,,,    Constant width    0.0000,,,,,,    Constant width    0.0000
              area   0.2500,,,,,,              area   0.2500,,,,,,              area   0.2500,,,,,,              area   0.2500
         perimeter   2.0000,,,,,,         perimeter   2.0000,,,,,,         perimeter   2.0000,,,,,,         perimeter   2.0000
          at point  X= 247.3785  Y=  33.1473  Z=   0.0000,,,,,,          at point  X= 247.3785  Y=  31.4473  Z=   0.0000,,,,,,          at point  X= 247.3785  Y=  29.7473  Z=   0.0000,,,,,,          at point  X= 247.3785  Y=  28.0473  Z=   0.0000
          at point  X= 247.8785  Y=  33.1473  Z=   0.0000,,,,,,          at point  X= 247.8785  Y=  31.4473  Z=   0.0000,,,,,,          at point  X= 247.8785  Y=  29.7473  Z=   0.0000,,,,,,          at point  X= 247.8785  Y=  28.0473  Z=   0.0000
          at point  X= 247.8785  Y=  33.6473  Z=   0.0000,,,,,,          at point  X= 247.8785  Y=  31.9473  Z=   0.0000,,,,,,          at point  X= 247.8785  Y=  30.2473  Z=   0.0000,,,,,,          at point  X= 247.8785  Y=  28.5473  Z=   0.0000
          at point  X= 247.3785  Y=  33.6473  Z=   0.0000,,,,,,          at point  X= 247.3785  Y=  31.9473  Z=   0.0000,,,,,,          at point  X= 247.3785  Y=  30.2473  Z=   0.0000,,,,,,          at point  X= 247.3785  Y=  28.5473  Z=   0.0000
"                  LWPOLYLINE  Layer: ""A_Table&Chair""",,,,,,"                  LWPOLYLINE  Layer: ""A_Table&Chair""",,,,,,"                  LWPOLYLINE  Layer: ""A_Table&Chair""",,,,,,"                  LWPOLYLINE  Layer: ""A_Table&Chair"""
                            Space: Model space,,,,,,                            Space: Model space,,,,,,                            Space: Model space,,,,,,                            Space: Model space
                   Handle = 5ba4,,,,,,                   Handle = 5bbc,,,,,,                   Handle = 5bd4,,,,,,                   Handle = 5bec
            Closed,,,,,,            Closed,,,,,,            Closed,,,,,,            Closed
    Constant width    0.0000,,,,,,    Constant width    0.0000,,,,,,    Constant width    0.0000,,,,,,    Constant width    0.0000
              area   0.2500,,,,,,              area   0.2500,,,,,,              area   0.2500,,,,,,              area   0.2500
         perimeter   2.0000,,,,,,         perimeter   2.0000,,,,,,         perimeter   2.0000,,,,,,         perimeter   2.0000
          at point  X= 247.3785  Y=  34.2473  Z=   0.0000,,,,,,          at point  X= 247.3785  Y=  32.5473  Z=   0.0000,,,,,,          at point  X= 247.3785  Y=  30.8473  Z=   0.0000,,,,,,          at point  X= 247.3785  Y=  29.1473  Z=   0.0000
          at point  X= 247.8785  Y=  34.2473  Z=   0.0000,,,,,,          at point  X= 247.8785  Y=  32.5473  Z=   0.0000,,,,,,          at point  X= 247.8785  Y=  30.8473  Z=   0.0000,,,,,,          at point  X= 247.8785  Y=  29.1473  Z=   0.0000
          at point  X= 247.8785  Y=  33.7473  Z=   0.0000,,,,,,          at point  X= 247.8785  Y=  32.0473  Z=   0.0000,,,,,,          at point  X= 247.8785  Y=  30.3473  Z=   0.0000,,,,,,          at point  X= 247.8785  Y=  28.6473  Z=   0.0000
          at point  X= 247.3785  Y=  33.7473  Z=   0.0000,,,,,,          at point  X= 247.3785  Y=  32.0473  Z=   0.0000,,,,,,          at point  X= 247.3785  Y=  30.3473  Z=   0.0000,,,,,,          at point  X= 247.3785  Y=  28.6473  Z=   0.0000
"                  LWPOLYLINE  Layer: ""A_Table&Chair""",,,,,,"                  LWPOLYLINE  Layer: ""A_Table&Chair""",,,,,,"                  LWPOLYLINE  Layer: ""A_Table&Chair""",,,,,,"                  LWPOLYLINE  Layer: ""A_Table&Chair"""
Press ENTER to continue:,,,,,,Press ENTER to continue:,,,,,,Press ENTER to continue:,,,,,,Press ENTER to continue:
                            Space: Model space,,,,,,                            Space: Model space,,,,,,                            Space: Model space,,,,,,                            Space: Model space
                   Handle = 5ba3,,,,,,                   Handle = 5bbb,,,,,,                   Handle = 5bd3,,,,,,                   Handle = 5beb
            Closed,,,,,,            Closed,,,,,,            Closed,,,,,,            Closed
    Constant width    0.0000,,,,,,    Constant width    0.0000,,,,,,    Constant width    0.0000,,,,,,    Constant width    0.0000
              area   0.6000,,,,,,              area   0.6000,,,,,,              area   0.6000,,,,,,              area   0.6000
         perimeter   3.4000,,,,,,         perimeter   3.4000,,,,,,         perimeter   3.4000,,,,,,         perimeter   3.4000
          at point  X= 246.6885  Y=  34.2973  Z=   0.0000,,,,,,          at point  X= 246.6885  Y=  32.5973  Z=   0.0000,,,,,,          at point  X= 246.6885  Y=  30.8973  Z=   0.0000,,,,,,          at point  X= 246.6885  Y=  29.1973  Z=   0.0000
          at point  X= 247.1885  Y=  34.2973  Z=   0.0000,,,,,,          at point  X= 247.1885  Y=  32.5973  Z=   0.0000,,,,,,          at point  X= 247.1885  Y=  30.8973  Z=   0.0000,,,,,,          at point  X= 247.1885  Y=  29.1973  Z=   0.0000
          at point  X= 247.1885  Y=  33.0973  Z=   0.0000,,,,,,          at point  X= 247.1885  Y=  31.3973  Z=   0.0000,,,,,,          at point  X= 247.1885  Y=  29.6973  Z=   0.0000,,,,,,          at point  X= 247.1885  Y=  27.9973  Z=   0.0000
          at point  X= 246.6885  Y=  33.0973  Z=   0.0000,,,,,,          at point  X= 246.6885  Y=  31.3973  Z=   0.0000,,,,,,          at point  X= 246.6885  Y=  29.6973  Z=   0.0000,,,,,,          at point  X= 246.6885  Y=  27.9973  Z=   0.0000
"                  LWPOLYLINE  Layer: ""A_Table&Chair""",,,,,,"                  LWPOLYLINE  Layer: ""A_Table&Chair""",,,,,,"                  LWPOLYLINE  Layer: ""A_Table&Chair""",,,,,,"                  LWPOLYLINE  Layer: ""A_Table&Chair"""
                            Space: Model space,,,,,,                            Space: Model space,,,,,,                            Space: Model space,,,,,,                            Space: Model space
                   Handle = 5ba2,,,,,,                   Handle = 5bba,,,,,,                   Handle = 5bd2,,,,,,                   Handle = 5bea
            Closed,,,,,,            Closed,,,,,,            Closed,,,,,,            Closed
    Constant width    0.0000,,,,,,    Constant width    0.0000,,,,,,    Constant width    0.0000,,,,,,    Constant width    0.0000
              area   0.2500,,,,,,              area   0.2500,,,,,,              area   0.2500,,,,,,              area   0.2500
         perimeter   2.0000,,,,,,         perimeter   2.0000,,,,,,         perimeter   2.0000,,,,,,         perimeter   2.0000
          at point  X= 244.9785  Y=  33.1473  Z=   0.0000,,,,,,          at point  X= 246.1785  Y=  31.4473  Z=   0.0000,,,,,,          at point  X= 246.1785  Y=  29.7473  Z=   0.0000,,,,,,          at point  X= 246.1785  Y=  28.0473  Z=   0.0000
          at point  X= 245.4785  Y=  33.1473  Z=   0.0000,,,,,,          at point  X= 246.6785  Y=  31.4473  Z=   0.0000,,,,,,          at point  X= 246.6785  Y=  29.7473  Z=   0.0000,,,,,,          at point  X= 246.6785  Y=  28.0473  Z=   0.0000
          at point  X= 245.4785  Y=  33.6473  Z=   0.0000,,,,,,          at point  X= 246.6785  Y=  31.9473  Z=   0.0000,,,,,,          at point  X= 246.6785  Y=  30.2473  Z=   0.0000,,,,,,          at point  X= 246.6785  Y=  28.5473  Z=   0.0000
          at point  X= 244.9785  Y=  33.6473  Z=   0.0000,,,,,,          at point  X= 246.1785  Y=  31.9473  Z=   0.0000,,,,,,          at point  X= 246.1785  Y=  30.2473  Z=   0.0000,,,,,,          at point  X= 246.1785  Y=  28.5473  Z=   0.0000
"                  LWPOLYLINE  Layer: ""A_Table&Chair""",,,,,,"                  LWPOLYLINE  Layer: ""A_Table&Chair""",,,,,,"                  LWPOLYLINE  Layer: ""A_Table&Chair""",,,,,,"                  LWPOLYLINE  Layer: ""A_Table&Chair"""
                            Space: Model space,,,,,,                            Space: Model space,,,,,,                            Space: Model space,,,,,,                            Space: Model space
                   Handle = 5ba1,,,,,,                   Handle = 5bb9,,,,,,                   Handle = 5bd1,,,,,,                   Handle = 5be9
            Closed,,,,,,            Closed,,,,,,            Closed,,,,,,            Closed
Press ENTER to continue:,,,,,,Press ENTER to continue:,,,,,,Press ENTER to continue:,,,,,,Press ENTER to continue:
    Constant width    0.0000,,,,,,    Constant width    0.0000,,,,,,    Constant width    0.0000,,,,,,    Constant width    0.0000
              area   0.2500,,,,,,              area   0.2500,,,,,,              area   0.2500,,,,,,              area   0.2500
         perimeter   2.0000,,,,,,         perimeter   2.0000,,,,,,         perimeter   2.0000,,,,,,         perimeter   2.0000
          at point  X= 244.9785  Y=  34.2473  Z=   0.0000,,,,,,          at point  X= 246.1785  Y=  32.5473  Z=   0.0000,,,,,,          at point  X= 246.1785  Y=  30.8473  Z=   0.0000,,,,,,          at point  X= 246.1785  Y=  29.1473  Z=   0.0000
          at point  X= 245.4785  Y=  34.2473  Z=   0.0000,,,,,,          at point  X= 246.6785  Y=  32.5473  Z=   0.0000,,,,,,          at point  X= 246.6785  Y=  30.8473  Z=   0.0000,,,,,,          at point  X= 246.6785  Y=  29.1473  Z=   0.0000
          at point  X= 245.4785  Y=  33.7473  Z=   0.0000,,,,,,          at point  X= 246.6785  Y=  32.0473  Z=   0.0000,,,,,,          at point  X= 246.6785  Y=  30.3473  Z=   0.0000,,,,,,          at point  X= 246.6785  Y=  28.6473  Z=   0.0000
          at point  X= 244.9785  Y=  33.7473  Z=   0.0000,,,,,,          at point  X= 246.1785  Y=  32.0473  Z=   0.0000,,,,,,          at point  X= 246.1785  Y=  30.3473  Z=   0.0000,,,,,,          at point  X= 246.1785  Y=  28.6473  Z=   0.0000
"                  LWPOLYLINE  Layer: ""A_Table&Chair""",,,,,,"                  LWPOLYLINE  Layer: ""A_Table&Chair""",,,,,,"                  LWPOLYLINE  Layer: ""A_Table&Chair""",,,,,,"                  LWPOLYLINE  Layer: ""A_Table&Chair"""
                            Space: Model space,,,,,,                            Space: Model space,,,,,,                            Space: Model space,,,,,,                            Space: Model space
                   Handle = 5ba0,,,,,,                   Handle = 5bb8,,,,,,                   Handle = 5bd0,,,,,,                   Handle = 5be8
            Closed,,,,,,            Closed,,,,,,            Closed,,,,,,            Closed
    Constant width    0.0000,,,,,,    Constant width    0.0000,,,,,,    Constant width    0.0000,,,,,,    Constant width    0.0000
              area   0.6000,,,,,,              area   0.6000,,,,,,              area   0.6000,,,,,,              area   0.6000
         perimeter   3.4000,,,,,,         perimeter   3.4000,,,,,,         perimeter   3.4000,,,,,,         perimeter   3.4000
          at point  X= 244.2885  Y=  34.2973  Z=   0.0000,,,,,,          at point  X= 245.4885  Y=  32.5973  Z=   0.0000,,,,,,          at point  X= 245.4885  Y=  30.8973  Z=   0.0000,,,,,,          at point  X= 245.4885  Y=  29.1973  Z=   0.0000
          at point  X= 244.7885  Y=  34.2973  Z=   0.0000,,,,,,          at point  X= 245.9885  Y=  32.5973  Z=   0.0000,,,,,,          at point  X= 245.9885  Y=  30.8973  Z=   0.0000,,,,,,          at point  X= 245.9885  Y=  29.1973  Z=   0.0000
          at point  X= 244.7885  Y=  33.0973  Z=   0.0000,,,,,,          at point  X= 245.9885  Y=  31.3973  Z=   0.0000,,,,,,          at point  X= 245.9885  Y=  29.6973  Z=   0.0000,,,,,,          at point  X= 245.9885  Y=  27.9973  Z=   0.0000
          at point  X= 244.2885  Y=  33.0973  Z=   0.0000,,,,,,          at point  X= 245.4885  Y=  31.3973  Z=   0.0000,,,,,,          at point  X= 245.4885  Y=  29.6973  Z=   0.0000,,,,,,          at point  X= 245.4885  Y=  27.9973  Z=   0.0000
"                  LWPOLYLINE  Layer: ""A_Table&Chair""",,,,,,"                  LWPOLYLINE  Layer: ""A_Table&Chair""",,,,,,"                  LWPOLYLINE  Layer: ""A_Table&Chair""",,,,,,"                  LWPOLYLINE  Layer: ""A_Table&Chair"""
                            Space: Model space,,,,,,                            Space: Model space,,,,,,                            Space: Model space,,,,,,                            Space: Model space
                   Handle = 5b9f,,,,,,                   Handle = 5bb7,,,,,,                   Handle = 5bcf,,,,,,                   Handle = 5be7
            Closed,,,,,,            Closed,,,,,,            Closed,,,,,,            Closed
    Constant width    0.0000,,,,,,    Constant width    0.0000,,,,,,    Constant width    0.0000,,,,,,    Constant width    0.0000
              area   0.2500,,,,,,              area   0.2500,,,,,,              area   0.2500,,,,,,              area   0.2500
         perimeter   2.0000,,,,,,         perimeter   2.0000,,,,,,         perimeter   2.0000,,,,,,         perimeter   2.0000
Press ENTER to continue:,,,,,,Press ENTER to continue:,,,,,,Press ENTER to continue:,,,,,,Press ENTER to continue:
          at point  X= 243.7785  Y=  33.1473  Z=   0.0000,,,,,,          at point  X= 244.9785  Y=  31.4473  Z=   0.0000,,,,,,          at point  X= 244.9785  Y=  29.7473  Z=   0.0000,,,,,,          at point  X= 244.9785  Y=  28.0473  Z=   0.0000
          at point  X= 244.2785  Y=  33.1473  Z=   0.0000,,,,,,          at point  X= 245.4785  Y=  31.4473  Z=   0.0000,,,,,,          at point  X= 245.4785  Y=  29.7473  Z=   0.0000,,,,,,          at point  X= 245.4785  Y=  28.0473  Z=   0.0000
          at point  X= 244.2785  Y=  33.6473  Z=   0.0000,,,,,,          at point  X= 245.4785  Y=  31.9473  Z=   0.0000,,,,,,          at point  X= 245.4785  Y=  30.2473  Z=   0.0000,,,,,,          at point  X= 245.4785  Y=  28.5473  Z=   0.0000
          at point  X= 243.7785  Y=  33.6473  Z=   0.0000,,,,,,          at point  X= 244.9785  Y=  31.9473  Z=   0.0000,,,,,,          at point  X= 244.9785  Y=  30.2473  Z=   0.0000,,,,,,          at point  X= 244.9785  Y=  28.5473  Z=   0.0000
"                  LWPOLYLINE  Layer: ""A_Table&Chair""",,,,,,"                  LWPOLYLINE  Layer: ""A_Table&Chair""",,,,,,"                  LWPOLYLINE  Layer: ""A_Table&Chair""",,,,,,"                  LWPOLYLINE  Layer: ""A_Table&Chair"""
                            Space: Model space,,,,,,                            Space: Model space,,,,,,                            Space: Model space,,,,,,                            Space: Model space
                   Handle = 5b9e,,,,,,                   Handle = 5bb6,,,,,,                   Handle = 5bce,,,,,,                   Handle = 5be6
            Closed,,,,,,            Closed,,,,,,            Closed,,,,,,            Closed
    Constant width    0.0000,,,,,,    Constant width    0.0000,,,,,,    Constant width    0.0000,,,,,,    Constant width    0.0000
              area   0.2500,,,,,,              area   0.2500,,,,,,              area   0.2500,,,,,,              area   0.2500
         perimeter   2.0000,,,,,,         perimeter   2.0000,,,,,,         perimeter   2.0000,,,,,,         perimeter   2.0000
          at point  X= 243.7785  Y=  34.2473  Z=   0.0000,,,,,,          at point  X= 244.9785  Y=  32.5473  Z=   0.0000,,,,,,          at point  X= 244.9785  Y=  30.8473  Z=   0.0000,,,,,,          at point  X= 244.9785  Y=  29.1473  Z=   0.0000
          at point  X= 244.2785  Y=  34.2473  Z=   0.0000,,,,,,          at point  X= 245.4785  Y=  32.5473  Z=   0.0000,,,,,,          at point  X= 245.4785  Y=  30.8473  Z=   0.0000,,,,,,          at point  X= 245.4785  Y=  29.1473  Z=   0.0000
          at point  X= 244.2785  Y=  33.7473  Z=   0.0000,,,,,,          at point  X= 245.4785  Y=  32.0473  Z=   0.0000,,,,,,          at point  X= 245.4785  Y=  30.3473  Z=   0.0000,,,,,,          at point  X= 245.4785  Y=  28.6473  Z=   0.0000
          at point  X= 243.7785  Y=  33.7473  Z=   0.0000,,,,,,          at point  X= 244.9785  Y=  32.0473  Z=   0.0000,,,,,,          at point  X= 244.9785  Y=  30.3473  Z=   0.0000,,,,,,          at point  X= 244.9785  Y=  28.6473  Z=   0.0000
"                  LWPOLYLINE  Layer: ""A_Table&Chair""",,,,,,"                  LWPOLYLINE  Layer: ""A_Table&Chair""",,,,,,"                  LWPOLYLINE  Layer: ""A_Table&Chair""",,,,,,"                  LWPOLYLINE  Layer: ""A_Table&Chair"""
                            Space: Model space,,,,,,                            Space: Model space,,,,,,                            Space: Model space,,,,,,                            Space: Model space
                   Handle = 5b9d,,,,,,                   Handle = 5bb5,,,,,,                   Handle = 5bcd,,,,,,                   Handle = 5be5
            Closed,,,,,,            Closed,,,,,,            Closed,,,,,,            Closed
    Constant width    0.0000,,,,,,    Constant width    0.0000,,,,,,    Constant width    0.0000,,,,,,    Constant width    0.0000
              area   0.6000,,,,,,              area   0.6000,,,,,,              area   0.6000,,,,,,              area   0.6000
         perimeter   3.4000,,,,,,         perimeter   3.4000,,,,,,         perimeter   3.4000,,,,,,         perimeter   3.4000
          at point  X= 243.0885  Y=  34.2973  Z=   0.0000,,,,,,          at point  X= 244.2885  Y=  32.5973  Z=   0.0000,,,,,,          at point  X= 244.2885  Y=  30.8973  Z=   0.0000,,,,,,          at point  X= 244.2885  Y=  29.1973  Z=   0.0000
          at point  X= 243.5885  Y=  34.2973  Z=   0.0000,,,,,,          at point  X= 244.7885  Y=  32.5973  Z=   0.0000,,,,,,          at point  X= 244.7885  Y=  30.8973  Z=   0.0000,,,,,,          at point  X= 244.7885  Y=  29.1973  Z=   0.0000
          at point  X= 243.5885  Y=  33.0973  Z=   0.0000,,,,,,          at point  X= 244.7885  Y=  31.3973  Z=   0.0000,,,,,,          at point  X= 244.7885  Y=  29.6973  Z=   0.0000,,,,,,          at point  X= 244.7885  Y=  27.9973  Z=   0.0000
Press ENTER to continue:,,,,,,Press ENTER to continue:,,,,,,Press ENTER to continue:,,,,,,Press ENTER to continue:
          at point  X= 243.0885  Y=  33.0973  Z=   0.0000,,,,,,          at point  X= 244.2885  Y=  31.3973  Z=   0.0000,,,,,,          at point  X= 244.2885  Y=  29.6973  Z=   0.0000,,,,,,          at point  X= 244.2885  Y=  27.9973  Z=   0.0000
"                  LWPOLYLINE  Layer: ""A_Table&Chair""",,,,,,"                  LWPOLYLINE  Layer: ""A_Table&Chair""",,,,,,"                  LWPOLYLINE  Layer: ""A_Table&Chair""",,,,,,"                  LWPOLYLINE  Layer: ""A_Table&Chair"""
                            Space: Model space,,,,,,                            Space: Model space,,,,,,                            Space: Model space,,,,,,                            Space: Model space
                   Handle = 5b9c,,,,,,                   Handle = 5bb4,,,,,,                   Handle = 5bcc,,,,,,                   Handle = 5be4
            Closed,,,,,,            Closed,,,,,,            Closed,,,,,,            Closed
    Constant width    0.0000,,,,,,    Constant width    0.0000,,,,,,    Constant width    0.0000,,,,,,    Constant width    0.0000
              area   0.2500,,,,,,              area   0.2500,,,,,,              area   0.2500,,,,,,              area   0.2500
         perimeter   2.0000,,,,,,         perimeter   2.0000,,,,,,         perimeter   2.0000,,,,,,         perimeter   2.0000
          at point  X= 242.5785  Y=  33.1473  Z=   0.0000,,,,,,          at point  X= 243.7785  Y=  31.4473  Z=   0.0000,,,,,,          at point  X= 243.7785  Y=  29.7473  Z=   0.0000,,,,,,          at point  X= 243.7785  Y=  28.0473  Z=   0.0000
          at point  X= 243.0785  Y=  33.1473  Z=   0.0000,,,,,,          at point  X= 244.2785  Y=  31.4473  Z=   0.0000,,,,,,          at point  X= 244.2785  Y=  29.7473  Z=   0.0000,,,,,,          at point  X= 244.2785  Y=  28.0473  Z=   0.0000
          at point  X= 243.0785  Y=  33.6473  Z=   0.0000,,,,,,          at point  X= 244.2785  Y=  31.9473  Z=   0.0000,,,,,,          at point  X= 244.2785  Y=  30.2473  Z=   0.0000,,,,,,          at point  X= 244.2785  Y=  28.5473  Z=   0.0000
          at point  X= 242.5785  Y=  33.6473  Z=   0.0000,,,,,,          at point  X= 243.7785  Y=  31.9473  Z=   0.0000,,,,,,          at point  X= 243.7785  Y=  30.2473  Z=   0.0000,,,,,,          at point  X= 243.7785  Y=  28.5473  Z=   0.0000
"                  LWPOLYLINE  Layer: ""A_Table&Chair""",,,,,,"                  LWPOLYLINE  Layer: ""A_Table&Chair""",,,,,,"                  LWPOLYLINE  Layer: ""A_Table&Chair""",,,,,,"                  LWPOLYLINE  Layer: ""A_Table&Chair"""
                            Space: Model space,,,,,,                            Space: Model space,,,,,,                            Space: Model space,,,,,,                            Space: Model space
                   Handle = 5b9b,,,,,,                   Handle = 5bb3,,,,,,                   Handle = 5bcb,,,,,,                   Handle = 5be3
            Closed,,,,,,            Closed,,,,,,            Closed,,,,,,            Closed
    Constant width    0.0000,,,,,,    Constant width    0.0000,,,,,,    Constant width    0.0000,,,,,,    Constant width    0.0000
              area   0.2500,,,,,,              area   0.2500,,,,,,              area   0.2500,,,,,,              area   0.2500
         perimeter   2.0000,,,,,,         perimeter   2.0000,,,,,,         perimeter   2.0000,,,,,,         perimeter   2.0000
          at point  X= 242.5785  Y=  34.2473  Z=   0.0000,,,,,,          at point  X= 243.7785  Y=  32.5473  Z=   0.0000,,,,,,          at point  X= 243.7785  Y=  30.8473  Z=   0.0000,,,,,,          at point  X= 243.7785  Y=  29.1473  Z=   0.0000
          at point  X= 243.0785  Y=  34.2473  Z=   0.0000,,,,,,          at point  X= 244.2785  Y=  32.5473  Z=   0.0000,,,,,,          at point  X= 244.2785  Y=  30.8473  Z=   0.0000,,,,,,          at point  X= 244.2785  Y=  29.1473  Z=   0.0000
          at point  X= 243.0785  Y=  33.7473  Z=   0.0000,,,,,,          at point  X= 244.2785  Y=  32.0473  Z=   0.0000,,,,,,          at point  X= 244.2785  Y=  30.3473  Z=   0.0000,,,,,,          at point  X= 244.2785  Y=  28.6473  Z=   0.0000
          at point  X= 242.5785  Y=  33.7473  Z=   0.0000,,,,,,          at point  X= 243.7785  Y=  32.0473  Z=   0.0000,,,,,,          at point  X= 243.7785  Y=  30.3473  Z=   0.0000,,,,,,          at point  X= 243.7785  Y=  28.6473  Z=   0.0000
"                  LWPOLYLINE  Layer: ""A_Table&Chair""",,,,,,"                  LWPOLYLINE  Layer: ""A_Table&Chair""",,,,,,"                  LWPOLYLINE  Layer: ""A_Table&Chair""",,,,,,"                  LWPOLYLINE  Layer: ""A_Table&Chair"""
Press ENTER to continue:,,,,,,Press ENTER to continue:,,,,,,Press ENTER to continue:,,,,,,Press ENTER to continue:
                            Space: Model space,,,,,,                            Space: Model space,,,,,,                            Space: Model space,,,,,,                            Space: Model space
                   Handle = 5b9a,,,,,,                   Handle = 5bb2,,,,,,                   Handle = 5bca,,,,,,                   Handle = 5be2
            Closed,,,,,,            Closed,,,,,,            Closed,,,,,,            Closed
    Constant width    0.0000,,,,,,    Constant width    0.0000,,,,,,    Constant width    0.0000,,,,,,    Constant width    0.0000
              area   0.6000,,,,,,              area   0.6000,,,,,,              area   0.6000,,,,,,              area   0.6000
         perimeter   3.4000,,,,,,         perimeter   3.4000,,,,,,         perimeter   3.4000,,,,,,         perimeter   3.4000
          at point  X= 241.8885  Y=  34.2973  Z=   0.0000,,,,,,          at point  X= 243.0885  Y=  32.5973  Z=   0.0000,,,,,,          at point  X= 243.0885  Y=  30.8973  Z=   0.0000,,,,,,          at point  X= 243.0885  Y=  29.1973  Z=   0.0000
          at point  X= 242.3885  Y=  34.2973  Z=   0.0000,,,,,,          at point  X= 243.5885  Y=  32.5973  Z=   0.0000,,,,,,          at point  X= 243.5885  Y=  30.8973  Z=   0.0000,,,,,,          at point  X= 243.5885  Y=  29.1973  Z=   0.0000
          at point  X= 242.3885  Y=  33.0973  Z=   0.0000,,,,,,          at point  X= 243.5885  Y=  31.3973  Z=   0.0000,,,,,,          at point  X= 243.5885  Y=  29.6973  Z=   0.0000,,,,,,          at point  X= 243.5885  Y=  27.9973  Z=   0.0000
          at point  X= 241.8885  Y=  33.0973  Z=   0.0000,,,,,,          at point  X= 243.0885  Y=  31.3973  Z=   0.0000,,,,,,          at point  X= 243.0885  Y=  29.6973  Z=   0.0000,,,,,,          at point  X= 243.0885  Y=  27.9973  Z=   0.0000
"                  LWPOLYLINE  Layer: ""A_Table&Chair""",,,,,,"                  LWPOLYLINE  Layer: ""A_Table&Chair""",,,,,,"                  LWPOLYLINE  Layer: ""A_Table&Chair""",,,,,,"                  LWPOLYLINE  Layer: ""A_Table&Chair"""
                            Space: Model space,,,,,,                            Space: Model space,,,,,,                            Space: Model space,,,,,,                            Space: Model space
                   Handle = 5b99,,,,,,                   Handle = 5bb1,,,,,,                   Handle = 5bc9,,,,,,                   Handle = 5be1
            Closed,,,,,,            Closed,,,,,,            Closed,,,,,,            Closed
    Constant width    0.0000,,,,,,    Constant width    0.0000,,,,,,    Constant width    0.0000,,,,,,    Constant width    0.0000
              area   0.2500,,,,,,              area   0.2500,,,,,,              area   0.2500,,,,,,              area   0.2500
         perimeter   2.0000,,,,,,         perimeter   2.0000,,,,,,         perimeter   2.0000,,,,,,         perimeter   2.0000
          at point  X= 241.3785  Y=  33.1473  Z=   0.0000,,,,,,          at point  X= 242.5785  Y=  31.4473  Z=   0.0000,,,,,,          at point  X= 242.5785  Y=  29.7473  Z=   0.0000,,,,,,          at point  X= 242.5785  Y=  28.0473  Z=   0.0000
          at point  X= 241.8785  Y=  33.1473  Z=   0.0000,,,,,,          at point  X= 243.0785  Y=  31.4473  Z=   0.0000,,,,,,          at point  X= 243.0785  Y=  29.7473  Z=   0.0000,,,,,,          at point  X= 243.0785  Y=  28.0473  Z=   0.0000
          at point  X= 241.8785  Y=  33.6473  Z=   0.0000,,,,,,          at point  X= 243.0785  Y=  31.9473  Z=   0.0000,,,,,,          at point  X= 243.0785  Y=  30.2473  Z=   0.0000,,,,,,          at point  X= 243.0785  Y=  28.5473  Z=   0.0000
          at point  X= 241.3785  Y=  33.6473  Z=   0.0000,,,,,,          at point  X= 242.5785  Y=  31.9473  Z=   0.0000,,,,,,          at point  X= 242.5785  Y=  30.2473  Z=   0.0000,,,,,,          at point  X= 242.5785  Y=  28.5473  Z=   0.0000
"                  LWPOLYLINE  Layer: ""A_Table&Chair""",,,,,,"                  LWPOLYLINE  Layer: ""A_Table&Chair""",,,,,,"                  LWPOLYLINE  Layer: ""A_Table&Chair""",,,,,,"                  LWPOLYLINE  Layer: ""A_Table&Chair"""
                            Space: Model space,,,,,,                            Space: Model space,,,,,,                            Space: Model space,,,,,,                            Space: Model space
                   Handle = 5b98,,,,,,                   Handle = 5bb0,,,,,,                   Handle = 5bc8,,,,,,                   Handle = 5be0
            Closed,,,,,,            Closed,,,,,,            Closed,,,,,,            Closed
Press ENTER to continue:,,,,,,Press ENTER to continue:,,,,,,Press ENTER to continue:,,,,,,Press ENTER to continue:
    Constant width    0.0000,,,,,,    Constant width    0.0000,,,,,,    Constant width    0.0000,,,,,,    Constant width    0.0000
              area   0.2500,,,,,,              area   0.2500,,,,,,              area   0.2500,,,,,,              area   0.2500
         perimeter   2.0000,,,,,,         perimeter   2.0000,,,,,,         perimeter   2.0000,,,,,,         perimeter   2.0000
          at point  X= 241.3785  Y=  34.2473  Z=   0.0000,,,,,,          at point  X= 242.5785  Y=  32.5473  Z=   0.0000,,,,,,          at point  X= 242.5785  Y=  30.8473  Z=   0.0000,,,,,,          at point  X= 242.5785  Y=  29.1473  Z=   0.0000
          at point  X= 241.8785  Y=  34.2473  Z=   0.0000,,,,,,          at point  X= 243.0785  Y=  32.5473  Z=   0.0000,,,,,,          at point  X= 243.0785  Y=  30.8473  Z=   0.0000,,,,,,          at point  X= 243.0785  Y=  29.1473  Z=   0.0000
          at point  X= 241.8785  Y=  33.7473  Z=   0.0000,,,,,,          at point  X= 243.0785  Y=  32.0473  Z=   0.0000,,,,,,          at point  X= 243.0785  Y=  30.3473  Z=   0.0000,,,,,,          at point  X= 243.0785  Y=  28.6473  Z=   0.0000
          at point  X= 241.3785  Y=  33.7473  Z=   0.0000,,,,,,          at point  X= 242.5785  Y=  32.0473  Z=   0.0000,,,,,,          at point  X= 242.5785  Y=  30.3473  Z=   0.0000,,,,,,          at point  X= 242.5785  Y=  28.6473  Z=   0.0000
"                  LWPOLYLINE  Layer: ""A_Table&Chair""",,,,,,"                  LWPOLYLINE  Layer: ""A_Table&Chair""",,,,,,"                  LWPOLYLINE  Layer: ""A_Table&Chair""",,,,,,"                  LWPOLYLINE  Layer: ""A_Table&Chair"""
                            Space: Model space,,,,,,                            Space: Model space,,,,,,                            Space: Model space,,,,,,                            Space: Model space
                   Handle = 5b97,,,,,,                   Handle = 5baf,,,,,,                   Handle = 5bc7,,,,,,                   Handle = 5bdf
            Closed,,,,,,            Closed,,,,,,            Closed,,,,,,            Closed
    Constant width    0.0000,,,,,,    Constant width    0.0000,,,,,,    Constant width    0.0000,,,,,,    Constant width    0.0000
              area   0.6000,,,,,,              area   0.6000,,,,,,              area   0.6000,,,,,,              area   0.6000
         perimeter   3.4000,,,,,,         perimeter   3.4000,,,,,,         perimeter   3.4000,,,,,,         perimeter   3.4000
          at point  X= 240.6885  Y=  34.2973  Z=   0.0000,,,,,,          at point  X= 241.8885  Y=  32.5973  Z=   0.0000,,,,,,          at point  X= 241.8885  Y=  30.8973  Z=   0.0000,,,,,,          at point  X= 241.8885  Y=  29.1973  Z=   0.0000
          at point  X= 241.1885  Y=  34.2973  Z=   0.0000,,,,,,          at point  X= 242.3885  Y=  32.5973  Z=   0.0000,,,,,,          at point  X= 242.3885  Y=  30.8973  Z=   0.0000,,,,,,          at point  X= 242.3885  Y=  29.1973  Z=   0.0000
          at point  X= 241.1885  Y=  33.0973  Z=   0.0000,,,,,,          at point  X= 242.3885  Y=  31.3973  Z=   0.0000,,,,,,          at point  X= 242.3885  Y=  29.6973  Z=   0.0000,,,,,,          at point  X= 242.3885  Y=  27.9973  Z=   0.0000
          at point  X= 240.6885  Y=  33.0973  Z=   0.0000,,,,,,          at point  X= 241.8885  Y=  31.3973  Z=   0.0000,,,,,,          at point  X= 241.8885  Y=  29.6973  Z=   0.0000,,,,,,          at point  X= 241.8885  Y=  27.9973  Z=   0.0000
"                  LWPOLYLINE  Layer: ""A_Table&Chair""",,,,,,"                  LWPOLYLINE  Layer: ""A_Table&Chair""",,,,,,"                  LWPOLYLINE  Layer: ""A_Table&Chair""",,,,,,"                  LWPOLYLINE  Layer: ""A_Table&Chair"""
                            Space: Model space,,,,,,                            Space: Model space,,,,,,                            Space: Model space,,,,,,                            Space: Model space
                   Handle = 5b96,,,,,,                   Handle = 5bae,,,,,,                   Handle = 5bc6,,,,,,                   Handle = 5bde
            Closed,,,,,,            Closed,,,,,,            Closed,,,,,,            Closed
    Constant width    0.0000,,,,,,    Constant width    0.0000,,,,,,    Constant width    0.0000,,,,,,    Constant width    0.0000
              area   0.2500,,,,,,              area   0.2500,,,,,,              area   0.2500,,,,,,              area   0.2500
         perimeter   2.0000,,,,,,         perimeter   2.0000,,,,,,         perimeter   2.0000,,,,,,         perimeter   2.0000
Press ENTER to continue:,,,,,,Press ENTER to continue:,,,,,,Press ENTER to continue:,,,,,,Press ENTER to continue:
          at point  X= 240.1785  Y=  33.1473  Z=   0.0000,,,,,,          at point  X= 241.3785  Y=  31.4473  Z=   0.0000,,,,,,          at point  X= 241.3785  Y=  29.7473  Z=   0.0000,,,,,,          at point  X= 241.3785  Y=  28.0473  Z=   0.0000
          at point  X= 240.6785  Y=  33.1473  Z=   0.0000,,,,,,          at point  X= 241.8785  Y=  31.4473  Z=   0.0000,,,,,,          at point  X= 241.8785  Y=  29.7473  Z=   0.0000,,,,,,          at point  X= 241.8785  Y=  28.0473  Z=   0.0000
          at point  X= 240.6785  Y=  33.6473  Z=   0.0000,,,,,,          at point  X= 241.8785  Y=  31.9473  Z=   0.0000,,,,,,          at point  X= 241.8785  Y=  30.2473  Z=   0.0000,,,,,,          at point  X= 241.8785  Y=  28.5473  Z=   0.0000
          at point  X= 240.1785  Y=  33.6473  Z=   0.0000,,,,,,          at point  X= 241.3785  Y=  31.9473  Z=   0.0000,,,,,,          at point  X= 241.3785  Y=  30.2473  Z=   0.0000,,,,,,          at point  X= 241.3785  Y=  28.5473  Z=   0.0000
"                  LWPOLYLINE  Layer: ""A_Table&Chair""",,,,,,"                  LWPOLYLINE  Layer: ""A_Table&Chair""",,,,,,"                  LWPOLYLINE  Layer: ""A_Table&Chair""",,,,,,"                  LWPOLYLINE  Layer: ""A_Table&Chair"""
                            Space: Model space,,,,,,                            Space: Model space,,,,,,                            Space: Model space,,,,,,                            Space: Model space
                   Handle = 5b95,,,,,,                   Handle = 5bad,,,,,,                   Handle = 5bc5,,,,,,                   Handle = 5bdd
            Closed,,,,,,            Closed,,,,,,            Closed,,,,,,            Closed
    Constant width    0.0000,,,,,,    Constant width    0.0000,,,,,,    Constant width    0.0000,,,,,,    Constant width    0.0000
              area   0.2500,,,,,,              area   0.2500,,,,,,              area   0.2500,,,,,,              area   0.2500
         perimeter   2.0000,,,,,,         perimeter   2.0000,,,,,,         perimeter   2.0000,,,,,,         perimeter   2.0000
          at point  X= 240.1785  Y=  34.2473  Z=   0.0000,,,,,,          at point  X= 241.3785  Y=  32.5473  Z=   0.0000,,,,,,          at point  X= 241.3785  Y=  30.8473  Z=   0.0000,,,,,,          at point  X= 241.3785  Y=  29.1473  Z=   0.0000
          at point  X= 240.6785  Y=  34.2473  Z=   0.0000,,,,,,          at point  X= 241.8785  Y=  32.5473  Z=   0.0000,,,,,,          at point  X= 241.8785  Y=  30.8473  Z=   0.0000,,,,,,          at point  X= 241.8785  Y=  29.1473  Z=   0.0000
          at point  X= 240.6785  Y=  33.7473  Z=   0.0000,,,,,,          at point  X= 241.8785  Y=  32.0473  Z=   0.0000,,,,,,          at point  X= 241.8785  Y=  30.3473  Z=   0.0000,,,,,,          at point  X= 241.8785  Y=  28.6473  Z=   0.0000
          at point  X= 240.1785  Y=  33.7473  Z=   0.0000,,,,,,          at point  X= 241.3785  Y=  32.0473  Z=   0.0000,,,,,,          at point  X= 241.3785  Y=  30.3473  Z=   0.0000,,,,,,          at point  X= 241.3785  Y=  28.6473  Z=   0.0000
"                  LWPOLYLINE  Layer: ""A_Table&Chair""",,,,,,"                  LWPOLYLINE  Layer: ""A_Table&Chair""",,,,,,"                  LWPOLYLINE  Layer: ""A_Table&Chair""",,,,,,"                  LWPOLYLINE  Layer: ""A_Table&Chair"""
                            Space: Model space,,,,,,                            Space: Model space,,,,,,                            Space: Model space,,,,,,                            Space: Model space
                   Handle = 5b94,,,,,,                   Handle = 5bac,,,,,,                   Handle = 5bc4,,,,,,                   Handle = 5bdc
            Closed,,,,,,            Closed,,,,,,            Closed,,,,,,            Closed
    Constant width    0.0000,,,,,,    Constant width    0.0000,,,,,,    Constant width    0.0000,,,,,,    Constant width    0.0000
              area   0.6000,,,,,,              area   0.6000,,,,,,              area   0.6000,,,,,,              area   0.6000
         perimeter   3.4000,,,,,,         perimeter   3.4000,,,,,,         perimeter   3.4000,,,,,,         perimeter   3.4000
          at point  X= 239.4885  Y=  34.2973  Z=   0.0000,,,,,,          at point  X= 240.6885  Y=  32.5973  Z=   0.0000,,,,,,          at point  X= 240.6885  Y=  30.8973  Z=   0.0000,,,,,,          at point  X= 240.6885  Y=  29.1973  Z=   0.0000
          at point  X= 239.9885  Y=  34.2973  Z=   0.0000,,,,,,          at point  X= 241.1885  Y=  32.5973  Z=   0.0000,,,,,,          at point  X= 241.1885  Y=  30.8973  Z=   0.0000,,,,,,          at point  X= 241.1885  Y=  29.1973  Z=   0.0000
          at point  X= 239.9885  Y=  33.0973  Z=   0.0000,,,,,,          at point  X= 241.1885  Y=  31.3973  Z=   0.0000,,,,,,          at point  X= 241.1885  Y=  29.6973  Z=   0.0000,,,,,,          at point  X= 241.1885  Y=  27.9973  Z=   0.0000
Press ENTER to continue:,,,,,,Press ENTER to continue:,,,,,,Press ENTER to continue:,,,,,,Press ENTER to continue:
          at point  X= 239.4885  Y=  33.0973  Z=   0.0000,,,,,,          at point  X= 240.6885  Y=  31.3973  Z=   0.0000,,,,,,          at point  X= 240.6885  Y=  29.6973  Z=   0.0000,,,,,,          at point  X= 240.6885  Y=  27.9973  Z=   0.0000
"                  LWPOLYLINE  Layer: ""A_Table&Chair""",,,,,,"                  LWPOLYLINE  Layer: ""A_Table&Chair""",,,,,,"                  LWPOLYLINE  Layer: ""A_Table&Chair""",,,,,,"                  LWPOLYLINE  Layer: ""A_Table&Chair"""
                            Space: Model space,,,,,,                            Space: Model space,,,,,,                            Space: Model space,,,,,,                            Space: Model space
                   Handle = 5b93,,,,,,                   Handle = 5bab,,,,,,                   Handle = 5bc3,,,,,,                   Handle = 5bdb
            Closed,,,,,,            Closed,,,,,,            Closed,,,,,,            Closed
    Constant width    0.0000,,,,,,    Constant width    0.0000,,,,,,    Constant width    0.0000,,,,,,    Constant width    0.0000
              area   0.2500,,,,,,              area   0.2500,,,,,,              area   0.2500,,,,,,              area   0.2500
         perimeter   2.0000,,,,,,         perimeter   2.0000,,,,,,         perimeter   2.0000,,,,,,         perimeter   2.0000
          at point  X= 238.9785  Y=  33.1473  Z=   0.0000,,,,,,          at point  X= 240.1785  Y=  31.4473  Z=   0.0000,,,,,,          at point  X= 240.1785  Y=  29.7473  Z=   0.0000,,,,,,          at point  X= 240.1785  Y=  28.0473  Z=   0.0000
          at point  X= 239.4785  Y=  33.1473  Z=   0.0000,,,,,,          at point  X= 240.6785  Y=  31.4473  Z=   0.0000,,,,,,          at point  X= 240.6785  Y=  29.7473  Z=   0.0000,,,,,,          at point  X= 240.6785  Y=  28.0473  Z=   0.0000
          at point  X= 239.4785  Y=  33.6473  Z=   0.0000,,,,,,          at point  X= 240.6785  Y=  31.9473  Z=   0.0000,,,,,,          at point  X= 240.6785  Y=  30.2473  Z=   0.0000,,,,,,          at point  X= 240.6785  Y=  28.5473  Z=   0.0000
          at point  X= 238.9785  Y=  33.6473  Z=   0.0000,,,,,,          at point  X= 240.1785  Y=  31.9473  Z=   0.0000,,,,,,          at point  X= 240.1785  Y=  30.2473  Z=   0.0000,,,,,,          at point  X= 240.1785  Y=  28.5473  Z=   0.0000
"                  LWPOLYLINE  Layer: ""A_Table&Chair""",,,,,,"                  LWPOLYLINE  Layer: ""A_Table&Chair""",,,,,,"                  LWPOLYLINE  Layer: ""A_Table&Chair""",,,,,,"                  LWPOLYLINE  Layer: ""A_Table&Chair"""
                            Space: Model space,,,,,,                            Space: Model space,,,,,,                            Space: Model space,,,,,,                            Space: Model space
                   Handle = 5b92,,,,,,                   Handle = 5baa,,,,,,                   Handle = 5bc2,,,,,,                   Handle = 5bda
            Closed,,,,,,            Closed,,,,,,            Closed,,,,,,            Closed
    Constant width    0.0000,,,,,,    Constant width    0.0000,,,,,,    Constant width    0.0000,,,,,,    Constant width    0.0000
              area   0.2500,,,,,,              area   0.2500,,,,,,              area   0.2500,,,,,,              area   0.2500
         perimeter   2.0000,,,,,,         perimeter   2.0000,,,,,,         perimeter   2.0000,,,,,,         perimeter   2.0000
          at point  X= 238.9785  Y=  34.2473  Z=   0.0000,,,,,,          at point  X= 240.1785  Y=  32.5473  Z=   0.0000,,,,,,          at point  X= 240.1785  Y=  30.8473  Z=   0.0000,,,,,,          at point  X= 240.1785  Y=  29.1473  Z=   0.0000
          at point  X= 239.4785  Y=  34.2473  Z=   0.0000,,,,,,          at point  X= 240.6785  Y=  32.5473  Z=   0.0000,,,,,,          at point  X= 240.6785  Y=  30.8473  Z=   0.0000,,,,,,          at point  X= 240.6785  Y=  29.1473  Z=   0.0000
          at point  X= 239.4785  Y=  33.7473  Z=   0.0000,,,,,,          at point  X= 240.6785  Y=  32.0473  Z=   0.0000,,,,,,          at point  X= 240.6785  Y=  30.3473  Z=   0.0000,,,,,,          at point  X= 240.6785  Y=  28.6473  Z=   0.0000
          at point  X= 238.9785  Y=  33.7473  Z=   0.0000,,,,,,          at point  X= 240.1785  Y=  32.0473  Z=   0.0000,,,,,,          at point  X= 240.1785  Y=  30.3473  Z=   0.0000,,,,,,          at point  X= 240.1785  Y=  28.6473  Z=   0.0000
"                  LWPOLYLINE  Layer: ""A_Table&Chair""",,,,,,"                  LWPOLYLINE  Layer: ""A_Table&Chair""",,,,,,"                  LWPOLYLINE  Layer: ""A_Table&Chair""",,,,,,"                  LWPOLYLINE  Layer: ""A_Table&Chair"""
Press ENTER to continue:,,,,,,Press ENTER to continue:,,,,,,Press ENTER to continue:,,,,,,Press ENTER to continue:
                            Space: Model space,,,,,,                            Space: Model space,,,,,,                            Space: Model space,,,,,,                            Space: Model space
                   Handle = 5b91,,,,,,                   Handle = 5ba9,,,,,,                   Handle = 5bc1,,,,,,                   Handle = 5bd9
            Closed,,,,,,            Closed,,,,,,            Closed,,,,,,            Closed
    Constant width    0.0000,,,,,,    Constant width    0.0000,,,,,,    Constant width    0.0000,,,,,,    Constant width    0.0000
              area   0.6000,,,,,,              area   0.6000,,,,,,              area   0.6000,,,,,,              area   0.6000
         perimeter   3.4000,,,,,,         perimeter   3.4000,,,,,,         perimeter   3.4000,,,,,,         perimeter   3.4000
          at point  X= 238.2885  Y=  34.2973  Z=   0.0000,,,,,,          at point  X= 239.4885  Y=  32.5973  Z=   0.0000,,,,,,          at point  X= 239.4885  Y=  30.8973  Z=   0.0000,,,,,,          at point  X= 239.4885  Y=  29.1973  Z=   0.0000
          at point  X= 238.7885  Y=  34.2973  Z=   0.0000,,,,,,          at point  X= 239.9885  Y=  32.5973  Z=   0.0000,,,,,,          at point  X= 239.9885  Y=  30.8973  Z=   0.0000,,,,,,          at point  X= 239.9885  Y=  29.1973  Z=   0.0000
          at point  X= 238.7885  Y=  33.0973  Z=   0.0000,,,,,,          at point  X= 239.9885  Y=  31.3973  Z=   0.0000,,,,,,          at point  X= 239.9885  Y=  29.6973  Z=   0.0000,,,,,,          at point  X= 239.9885  Y=  27.9973  Z=   0.0000
          at point  X= 238.2885  Y=  33.0973  Z=   0.0000,,,,,,          at point  X= 239.4885  Y=  31.3973  Z=   0.0000,,,,,,          at point  X= 239.4885  Y=  29.6973  Z=   0.0000,,,,,,          at point  X= 239.4885  Y=  27.9973  Z=   0.0000
,,,,,,"                  LWPOLYLINE  Layer: ""A_Table&Chair""",,,,,,"                  LWPOLYLINE  Layer: ""A_Table&Chair""",,,,,,"                  LWPOLYLINE  Layer: ""A_Table&Chair"""
,,,,,,                            Space: Model space,,,,,,                            Space: Model space,,,,,,                            Space: Model space
,,,,,,                   Handle = 5ba8,,,,,,                   Handle = 5bc0,,,,,,                   Handle = 5bd8
,,,,,,            Closed,,,,,,            Closed,,,,,,            Closed
,,,,,,    Constant width    0.0000,,,,,,    Constant width    0.0000,,,,,,    Constant width    0.0000
,,,,,,              area   0.2500,,,,,,              area   0.2500,,,,,,              area   0.2500
,,,,,,         perimeter   2.0000,,,,,,         perimeter   2.0000,,,,,,         perimeter   2.0000
,,,,,,          at point  X= 238.9785  Y=  31.4473  Z=   0.0000,,,,,,          at point  X= 238.9785  Y=  29.7473  Z=   0.0000,,,,,,          at point  X= 238.9785  Y=  28.0473  Z=   0.0000
,,,,,,          at point  X= 239.4785  Y=  31.4473  Z=   0.0000,,,,,,          at point  X= 239.4785  Y=  29.7473  Z=   0.0000,,,,,,          at point  X= 239.4785  Y=  28.0473  Z=   0.0000
,,,,,,          at point  X= 239.4785  Y=  31.9473  Z=   0.0000,,,,,,          at point  X= 239.4785  Y=  30.2473  Z=   0.0000,,,,,,          at point  X= 239.4785  Y=  28.5473  Z=   0.0000
,,,,,,          at point  X= 238.9785  Y=  31.9473  Z=   0.0000,,,,,,          at point  X= 238.9785  Y=  30.2473  Z=   0.0000,,,,,,          at point  X= 238.9785  Y=  28.5473  Z=   0.0000
,,,,,,"                  LWPOLYLINE  Layer: ""A_Table&Chair""",,,,,,"                  LWPOLYLINE  Layer: ""A_Table&Chair""",,,,,,"                  LWPOLYLINE  Layer: ""A_Table&Chair"""
,,,,,,                            Space: Model space,,,,,,                            Space: Model space,,,,,,                            Space: Model space
,,,,,,                   Handle = 5ba7,,,,,,                   Handle = 5bbf,,,,,,                   Handle = 5bd7
,,,,,,            Closed,,,,,,            Closed,,,,,,            Closed
,,,,,,Press ENTER to continue:,,,,,,Press ENTER to continue:,,,,,,Press ENTER to continue:
,,,,,,    Constant width    0.0000,,,,,,    Constant width    0.0000,,,,,,    Constant width    0.0000
,,,,,,              area   0.2500,,,,,,              area   0.2500,,,,,,              area   0.2500
,,,,,,         perimeter   2.0000,,,,,,         perimeter   2.0000,,,,,,         perimeter   2.0000
,,,,,,          at point  X= 238.9785  Y=  32.5473  Z=   0.0000,,,,,,          at point  X= 238.9785  Y=  30.8473  Z=   0.0000,,,,,,          at point  X= 238.9785  Y=  29.1473  Z=   0.0000
,,,,,,          at point  X= 239.4785  Y=  32.5473  Z=   0.0000,,,,,,          at point  X= 239.4785  Y=  30.8473  Z=   0.0000,,,,,,          at point  X= 239.4785  Y=  29.1473  Z=   0.0000
,,,,,,          at point  X= 239.4785  Y=  32.0473  Z=   0.0000,,,,,,          at point  X= 239.4785  Y=  30.3473  Z=   0.0000,,,,,,          at point  X= 239.4785  Y=  28.6473  Z=   0.0000
,,,,,,          at point  X= 238.9785  Y=  32.0473  Z=   0.0000,,,,,,          at point  X= 238.9785  Y=  30.3473  Z=   0.0000,,,,,,          at point  X= 238.9785  Y=  28.6473  Z=   0.0000
,,,,,,"                  LWPOLYLINE  Layer: ""A_Table&Chair""",,,,,,"                  LWPOLYLINE  Layer: ""A_Table&Chair""",,,,,,"                  LWPOLYLINE  Layer: ""A_Table&Chair"""
,,,,,,                            Space: Model space,,,,,,                            Space: Model space,,,,,,                            Space: Model space
,,,,,,                   Handle = 5ba6,,,,,,                   Handle = 5bbe,,,,,,                   Handle = 5bd6
,,,,,,            Closed,,,,,,            Closed,,,,,,            Closed
,,,,,,    Constant width    0.0000,,,,,,    Constant width    0.0000,,,,,,    Constant width    0.0000
,,,,,,              area   0.6000,,,,,,              area   0.6000,,,,,,              area   0.6000
,,,,,,         perimeter   3.4000,,,,,,         perimeter   3.4000,,,,,,         perimeter   3.4000
,,,,,,          at point  X= 238.2885  Y=  32.5973  Z=   0.0000,,,,,,          at point  X= 238.2885  Y=  30.8973  Z=   0.0000,,,,,,          at point  X= 238.2885  Y=  29.1973  Z=   0.0000
,,,,,,          at point  X= 238.7885  Y=  32.5973  Z=   0.0000,,,,,,          at point  X= 238.7885  Y=  30.8973  Z=   0.0000,,,,,,          at point  X= 238.7885  Y=  29.1973  Z=   0.0000
,,,,,,          at point  X= 238.7885  Y=  31.3973  Z=   0.0000,,,,,,          at point  X= 238.7885  Y=  29.6973  Z=   0.0000,,,,,,          at point  X= 238.7885  Y=  27.9973  Z=   0.0000
,,,,,,          at point  X= 238.2885  Y=  31.3973  Z=   0.0000,,,,,,          at point  X= 238.2885  Y=  29.6973  Z=   0.0000,,,,,,          at point  X= 238.2885  Y=  27.9973  Z=   0.0000
