x,y
226.6085,28.2973 
226.6085,28.8973 
226.6085,30.6973 
226.6085,31.2973 
226.6085,33.0973 
226.6085,33.6973 
227.7585,28.2973 
227.7585,28.8973 
227.7585,30.6973 
227.7585,31.2973 
227.7585,33.0973 
227.7585,33.6973 
228.9085,28.2973 
228.9085,28.8973 
228.9085,30.6973 
228.9085,31.2973 
228.9085,33.0973 
228.9085,33.6973 
230.0585,28.2973 
230.0585,28.8973 
230.0585,30.6973 
230.0585,31.2973 
230.0585,33.0973 
230.0585,33.6973 
231.2085,28.2973 
231.2085,28.8973 
231.2085,30.6973 
231.2085,31.2973 
231.2085,33.0973 
231.2085,33.6973 
232.3585,28.2973 
232.3585,28.8973 
233.7585,28.2973 
233.7585,28.8973 
233.7585,30.6973 
233.7585,31.2973 
233.7585,33.0973 
233.7585,33.6973 
234.9085,28.2973 
234.9085,28.8973 
234.9085,30.6973 
234.9085,31.2973 
234.9085,33.0973 
234.9085,33.6973 
236.0585,28.2973 
236.0585,28.8973 
236.0585,30.6973 
236.0585,31.2973 
236.0585,33.0973 
236.0585,33.6973 
